{
    "content_scripts": [
        "WediOnAccess.js"
    ], 
    "name": "#wedi", 
    "creator": "Mihai Deaconu", 
    "description": "Extension for extracting RDFa, microdata and microformats", 
    "framework_version": "1.7.3 36447b11bac0", 
    "background_scripts": [
        "main.js"
    ], 
    "homepage_url": "https://github.com/mdeaconu/wedi", 
    "version": "0.2.3", 
    "framework_package_id": "dev", 
    "id": "{1D7DB795-D822-414B-9D86-3F28B1E51D11}", 
    "browser_button": {
        "caption": "wedi", 
        "tooltipText": "Wedi", 
        "icon": "icons/button.png"
    }
}